二号线高铁北站,gaotiebei@sz-mtr.com,szgdjt.local/共享邮箱,gaotiebei@sz-mtr.com,用户邮箱,,,,,,,,,,,,,,,,,,,,,,,,,,,,,,,,,,,,,,,,,,,,,,,,,,,,,,,,,,,,,,,,,,,,,,,,,,,,,,,,,,,,,,,,,,,,,,,,,,,,,,,,,,,,,,,,,,,,,,,,,,,,,,,,,,,,,,,,,,,,,,,,,,,,,,,,,,,,,,,,,,,,,,,,,,,,,,,,,,,,,,,,,,,,,,,,,,,,,,,,,,,,,,,,,,,,,,,,,,,,,,,,,,,,,,,,,,,,,,,,,,,,,,,,,,,,,,,,,,,,,,,,,,,,,,,,,,,,,,,,,,,,,,,,,,,,,,,,,,,,,,,,,,,,,,,,,,,,,,,,,,,,,,,,,,,,,,,,,
二号线大湾站,dawan@sz-mtr.com,szgdjt.local/共享邮箱,dawan@sz-mtr.com,用户邮箱,,,,,,,,,,,,,,,,,,,,,,,,,,,,,,,,,,,,,,,,,,,,,,,,,,,,,,,,,,,,,,,,,,,,,,,,,,,,,,,,,,,,,,,,,,,,,,,,,,,,,,,,,,,,,,,,,,,,,,,,,,,,,,,,,,,,,,,,,,,,,,,,,,,,,,,,,,,,,,,,,,,,,,,,,,,,,,,,,,,,,,,,,,,,,,,,,,,,,,,,,,,,,,,,,,,,,,,,,,,,,,,,,,,,,,,,,,,,,,,,,,,,,,,,,,,,,,,,,,,,,,,,,,,,,,,,,,,,,,,,,,,,,,,,,,,,,,,,,,,,,,,,,,,,,,,,,,,,,,,,,,,,,,,,,,,,,,,,,
二号线富元路站,fuyuanlu@sz-mtr.com,szgdjt.local/共享邮箱,fuyuanlu@sz-mtr.com,用户邮箱,,,,,,,,,,,,,,,,,,,,,,,,,,,,,,,,,,,,,,,,,,,,,,,,,,,,,,,,,,,,,,,,,,,,,,,,,,,,,,,,,,,,,,,,,,,,,,,,,,,,,,,,,,,,,,,,,,,,,,,,,,,,,,,,,,,,,,,,,,,,,,,,,,,,,,,,,,,,,,,,,,,,,,,,,,,,,,,,,,,,,,,,,,,,,,,,,,,,,,,,,,,,,,,,,,,,,,,,,,,,,,,,,,,,,,,,,,,,,,,,,,,,,,,,,,,,,,,,,,,,,,,,,,,,,,,,,,,,,,,,,,,,,,,,,,,,,,,,,,,,,,,,,,,,,,,,,,,,,,,,,,,,,,,,,,,,,,,,,
二号线蠡口站,likou@sz-mtr.com,szgdjt.local/共享邮箱,likou@sz-mtr.com,用户邮箱,,,,,,,,,,,,,,,,,,,,,,,,,,,,,,,,,,,,,,,,,,,,,,,,,,,,,,,,,,,,,,,,,,,,,,,,,,,,,,,,,,,,,,,,,,,,,,,,,,,,,,,,,,,,,,,,,,,,,,,,,,,,,,,,,,,,,,,,,,,,,,,,,,,,,,,,,,,,,,,,,,,,,,,,,,,,,,,,,,,,,,,,,,,,,,,,,,,,,,,,,,,,,,,,,,,,,,,,,,,,,,,,,,,,,,,,,,,,,,,,,,,,,,,,,,,,,,,,,,,,,,,,,,,,,,,,,,,,,,,,,,,,,,,,,,,,,,,,,,,,,,,,,,,,,,,,,,,,,,,,,,,,,,,,,,,,,,,,,
二号线徐图港站,xutugang@sz-mtr.com,szgdjt.local/共享邮箱,xutugang@sz-mtr.com,用户邮箱,,,,,,,,,,,,,,,,,,,,,,,,,,,,,,,,,,,,,,,,,,,,,,,,,,,,,,,,,,,,,,,,,,,,,,,,,,,,,,,,,,,,,,,,,,,,,,,,,,,,,,,,,,,,,,,,,,,,,,,,,,,,,,,,,,,,,,,,,,,,,,,,,,,,,,,,,,,,,,,,,,,,,,,,,,,,,,,,,,,,,,,,,,,,,,,,,,,,,,,,,,,,,,,,,,,,,,,,,,,,,,,,,,,,,,,,,,,,,,,,,,,,,,,,,,,,,,,,,,,,,,,,,,,,,,,,,,,,,,,,,,,,,,,,,,,,,,,,,,,,,,,,,,,,,,,,,,,,,,,,,,,,,,,,,,,,,,,,,
二号线阳澄湖中路站,yangchenghuzhonglu@sz-mtr.com,szgdjt.local/共享邮箱,yangchenghuzhonglu@sz-mtr.com,用户邮箱,,,,,,,,,,,,,,,,,,,,,,,,,,,,,,,,,,,,,,,,,,,,,,,,,,,,,,,,,,,,,,,,,,,,,,,,,,,,,,,,,,,,,,,,,,,,,,,,,,,,,,,,,,,,,,,,,,,,,,,,,,,,,,,,,,,,,,,,,,,,,,,,,,,,,,,,,,,,,,,,,,,,,,,,,,,,,,,,,,,,,,,,,,,,,,,,,,,,,,,,,,,,,,,,,,,,,,,,,,,,,,,,,,,,,,,,,,,,,,,,,,,,,,,,,,,,,,,,,,,,,,,,,,,,,,,,,,,,,,,,,,,,,,,,,,,,,,,,,,,,,,,,,,,,,,,,,,,,,,,,,,,,,,,,,,,,,,,,,
二号线陆慕站,lumu@sz-mtr.com,szgdjt.local/共享邮箱,lumu@sz-mtr.com,用户邮箱,,,,,,,,,,,,,,,,,,,,,,,,,,,,,,,,,,,,,,,,,,,,,,,,,,,,,,,,,,,,,,,,,,,,,,,,,,,,,,,,,,,,,,,,,,,,,,,,,,,,,,,,,,,,,,,,,,,,,,,,,,,,,,,,,,,,,,,,,,,,,,,,,,,,,,,,,,,,,,,,,,,,,,,,,,,,,,,,,,,,,,,,,,,,,,,,,,,,,,,,,,,,,,,,,,,,,,,,,,,,,,,,,,,,,,,,,,,,,,,,,,,,,,,,,,,,,,,,,,,,,,,,,,,,,,,,,,,,,,,,,,,,,,,,,,,,,,,,,,,,,,,,,,,,,,,,,,,,,,,,,,,,,,,,,,,,,,,,,
二号线平泷路东站,pinglongludong@sz-mtr.com,szgdjt.local/共享邮箱,pinglongludong@sz-mtr.com,用户邮箱,,,,,,,,,,,,,,,,,,,,,,,,,,,,,,,,,,,,,,,,,,,,,,,,,,,,,,,,,,,,,,,,,,,,,,,,,,,,,,,,,,,,,,,,,,,,,,,,,,,,,,,,,,,,,,,,,,,,,,,,,,,,,,,,,,,,,,,,,,,,,,,,,,,,,,,,,,,,,,,,,,,,,,,,,,,,,,,,,,,,,,,,,,,,,,,,,,,,,,,,,,,,,,,,,,,,,,,,,,,,,,,,,,,,,,,,,,,,,,,,,,,,,,,,,,,,,,,,,,,,,,,,,,,,,,,,,,,,,,,,,,,,,,,,,,,,,,,,,,,,,,,,,,,,,,,,,,,,,,,,,,,,,,,,,,,,,,,,,
二号线平河路站,pinghelu@sz-mtr.com,szgdjt.local/共享邮箱,pinghelu@sz-mtr.com,用户邮箱,,,,,,,,,,,,,,,,,,,,,,,,,,,,,,,,,,,,,,,,,,,,,,,,,,,,,,,,,,,,,,,,,,,,,,,,,,,,,,,,,,,,,,,,,,,,,,,,,,,,,,,,,,,,,,,,,,,,,,,,,,,,,,,,,,,,,,,,,,,,,,,,,,,,,,,,,,,,,,,,,,,,,,,,,,,,,,,,,,,,,,,,,,,,,,,,,,,,,,,,,,,,,,,,,,,,,,,,,,,,,,,,,,,,,,,,,,,,,,,,,,,,,,,,,,,,,,,,,,,,,,,,,,,,,,,,,,,,,,,,,,,,,,,,,,,,,,,,,,,,,,,,,,,,,,,,,,,,,,,,,,,,,,,,,,,,,,,,,
二号线苏州火车站,suzhouhuochezhan@sz-mtr.com,szgdjt.local/共享邮箱,suzhouhuochezhan@sz-mtr.com,用户邮箱,,,,,,,,,,,,,,,,,,,,,,,,,,,,,,,,,,,,,,,,,,,,,,,,,,,,,,,,,,,,,,,,,,,,,,,,,,,,,,,,,,,,,,,,,,,,,,,,,,,,,,,,,,,,,,,,,,,,,,,,,,,,,,,,,,,,,,,,,,,,,,,,,,,,,,,,,,,,,,,,,,,,,,,,,,,,,,,,,,,,,,,,,,,,,,,,,,,,,,,,,,,,,,,,,,,,,,,,,,,,,,,,,,,,,,,,,,,,,,,,,,,,,,,,,,,,,,,,,,,,,,,,,,,,,,,,,,,,,,,,,,,,,,,,,,,,,,,,,,,,,,,,,,,,,,,,,,,,,,,,,,,,,,,,,,,,,,,,,
二号线山塘街站,shantangjie@sz-mtr.com,szgdjt.local/共享邮箱,shantangjie@sz-mtr.com,用户邮箱,,,,,,,,,,,,,,,,,,,,,,,,,,,,,,,,,,,,,,,,,,,,,,,,,,,,,,,,,,,,,,,,,,,,,,,,,,,,,,,,,,,,,,,,,,,,,,,,,,,,,,,,,,,,,,,,,,,,,,,,,,,,,,,,,,,,,,,,,,,,,,,,,,,,,,,,,,,,,,,,,,,,,,,,,,,,,,,,,,,,,,,,,,,,,,,,,,,,,,,,,,,,,,,,,,,,,,,,,,,,,,,,,,,,,,,,,,,,,,,,,,,,,,,,,,,,,,,,,,,,,,,,,,,,,,,,,,,,,,,,,,,,,,,,,,,,,,,,,,,,,,,,,,,,,,,,,,,,,,,,,,,,,,,,,,,,,,,,,
二号线石路站,shilu@sz-mtr.com,szgdjt.local/共享邮箱,shilu@sz-mtr.com,用户邮箱,,,,,,,,,,,,,,,,,,,,,,,,,,,,,,,,,,,,,,,,,,,,,,,,,,,,,,,,,,,,,,,,,,,,,,,,,,,,,,,,,,,,,,,,,,,,,,,,,,,,,,,,,,,,,,,,,,,,,,,,,,,,,,,,,,,,,,,,,,,,,,,,,,,,,,,,,,,,,,,,,,,,,,,,,,,,,,,,,,,,,,,,,,,,,,,,,,,,,,,,,,,,,,,,,,,,,,,,,,,,,,,,,,,,,,,,,,,,,,,,,,,,,,,,,,,,,,,,,,,,,,,,,,,,,,,,,,,,,,,,,,,,,,,,,,,,,,,,,,,,,,,,,,,,,,,,,,,,,,,,,,,,,,,,,,,,,,,,,
二号线广济南路站,guangjinanlu2@sz-mtr.com,szgdjt.local/共享邮箱,guangjinanlu2@sz-mtr.com,用户邮箱,,,,,,,,,,,,,,,,,,,,,,,,,,,,,,,,,,,,,,,,,,,,,,,,,,,,,,,,,,,,,,,,,,,,,,,,,,,,,,,,,,,,,,,,,,,,,,,,,,,,,,,,,,,,,,,,,,,,,,,,,,,,,,,,,,,,,,,,,,,,,,,,,,,,,,,,,,,,,,,,,,,,,,,,,,,,,,,,,,,,,,,,,,,,,,,,,,,,,,,,,,,,,,,,,,,,,,,,,,,,,,,,,,,,,,,,,,,,,,,,,,,,,,,,,,,,,,,,,,,,,,,,,,,,,,,,,,,,,,,,,,,,,,,,,,,,,,,,,,,,,,,,,,,,,,,,,,,,,,,,,,,,,,,,,,,,,,,,,
二号线三香广场站,sanxiangguangchang@sz-mtr.com,szgdjt.local/共享邮箱,sanxiangguangchang@sz-mtr.com,用户邮箱,,,,,,,,,,,,,,,,,,,,,,,,,,,,,,,,,,,,,,,,,,,,,,,,,,,,,,,,,,,,,,,,,,,,,,,,,,,,,,,,,,,,,,,,,,,,,,,,,,,,,,,,,,,,,,,,,,,,,,,,,,,,,,,,,,,,,,,,,,,,,,,,,,,,,,,,,,,,,,,,,,,,,,,,,,,,,,,,,,,,,,,,,,,,,,,,,,,,,,,,,,,,,,,,,,,,,,,,,,,,,,,,,,,,,,,,,,,,,,,,,,,,,,,,,,,,,,,,,,,,,,,,,,,,,,,,,,,,,,,,,,,,,,,,,,,,,,,,,,,,,,,,,,,,,,,,,,,,,,,,,,,,,,,,,,,,,,,,,
二号线劳动路站,laodonglu@sz-mtr.com,szgdjt.local/共享邮箱,laodonglu@sz-mtr.com,用户邮箱,,,,,,,,,,,,,,,,,,,,,,,,,,,,,,,,,,,,,,,,,,,,,,,,,,,,,,,,,,,,,,,,,,,,,,,,,,,,,,,,,,,,,,,,,,,,,,,,,,,,,,,,,,,,,,,,,,,,,,,,,,,,,,,,,,,,,,,,,,,,,,,,,,,,,,,,,,,,,,,,,,,,,,,,,,,,,,,,,,,,,,,,,,,,,,,,,,,,,,,,,,,,,,,,,,,,,,,,,,,,,,,,,,,,,,,,,,,,,,,,,,,,,,,,,,,,,,,,,,,,,,,,,,,,,,,,,,,,,,,,,,,,,,,,,,,,,,,,,,,,,,,,,,,,,,,,,,,,,,,,,,,,,,,,,,,,,,,,,
二号线胥江路站,xujianglu@sz-mtr.com,szgdjt.local/共享邮箱,xujianglu@sz-mtr.com,用户邮箱,,,,,,,,,,,,,,,,,,,,,,,,,,,,,,,,,,,,,,,,,,,,,,,,,,,,,,,,,,,,,,,,,,,,,,,,,,,,,,,,,,,,,,,,,,,,,,,,,,,,,,,,,,,,,,,,,,,,,,,,,,,,,,,,,,,,,,,,,,,,,,,,,,,,,,,,,,,,,,,,,,,,,,,,,,,,,,,,,,,,,,,,,,,,,,,,,,,,,,,,,,,,,,,,,,,,,,,,,,,,,,,,,,,,,,,,,,,,,,,,,,,,,,,,,,,,,,,,,,,,,,,,,,,,,,,,,,,,,,,,,,,,,,,,,,,,,,,,,,,,,,,,,,,,,,,,,,,,,,,,,,,,,,,,,,,,,,,,,
二号线桐泾公园站,tongjinggongyuan@sz-mtr.com,szgdjt.local/共享邮箱,tongjinggongyuan@sz-mtr.com,用户邮箱,,,,,,,,,,,,,,,,,,,,,,,,,,,,,,,,,,,,,,,,,,,,,,,,,,,,,,,,,,,,,,,,,,,,,,,,,,,,,,,,,,,,,,,,,,,,,,,,,,,,,,,,,,,,,,,,,,,,,,,,,,,,,,,,,,,,,,,,,,,,,,,,,,,,,,,,,,,,,,,,,,,,,,,,,,,,,,,,,,,,,,,,,,,,,,,,,,,,,,,,,,,,,,,,,,,,,,,,,,,,,,,,,,,,,,,,,,,,,,,,,,,,,,,,,,,,,,,,,,,,,,,,,,,,,,,,,,,,,,,,,,,,,,,,,,,,,,,,,,,,,,,,,,,,,,,,,,,,,,,,,,,,,,,,,,,,,,,,,
二号线友联站,youlian@sz-mtr.com,szgdjt.local/共享邮箱,youlian@sz-mtr.com,用户邮箱,,,,,,,,,,,,,,,,,,,,,,,,,,,,,,,,,,,,,,,,,,,,,,,,,,,,,,,,,,,,,,,,,,,,,,,,,,,,,,,,,,,,,,,,,,,,,,,,,,,,,,,,,,,,,,,,,,,,,,,,,,,,,,,,,,,,,,,,,,,,,,,,,,,,,,,,,,,,,,,,,,,,,,,,,,,,,,,,,,,,,,,,,,,,,,,,,,,,,,,,,,,,,,,,,,,,,,,,,,,,,,,,,,,,,,,,,,,,,,,,,,,,,,,,,,,,,,,,,,,,,,,,,,,,,,,,,,,,,,,,,,,,,,,,,,,,,,,,,,,,,,,,,,,,,,,,,,,,,,,,,,,,,,,,,,,,,,,,,
二号线盘蠡路站,panlilu@sz-mtr.com,szgdjt.local/共享邮箱,panlilu@sz-mtr.com,用户邮箱,,,,,,,,,,,,,,,,,,,,,,,,,,,,,,,,,,,,,,,,,,,,,,,,,,,,,,,,,,,,,,,,,,,,,,,,,,,,,,,,,,,,,,,,,,,,,,,,,,,,,,,,,,,,,,,,,,,,,,,,,,,,,,,,,,,,,,,,,,,,,,,,,,,,,,,,,,,,,,,,,,,,,,,,,,,,,,,,,,,,,,,,,,,,,,,,,,,,,,,,,,,,,,,,,,,,,,,,,,,,,,,,,,,,,,,,,,,,,,,,,,,,,,,,,,,,,,,,,,,,,,,,,,,,,,,,,,,,,,,,,,,,,,,,,,,,,,,,,,,,,,,,,,,,,,,,,,,,,,,,,,,,,,,,,,,,,,,,,
二号线新家桥站,xinjiaqiao@sz-mtr.com,szgdjt.local/共享邮箱,xinjiaqiao@sz-mtr.com,用户邮箱,,,,,,,,,,,,,,,,,,,,,,,,,,,,,,,,,,,,,,,,,,,,,,,,,,,,,,,,,,,,,,,,,,,,,,,,,,,,,,,,,,,,,,,,,,,,,,,,,,,,,,,,,,,,,,,,,,,,,,,,,,,,,,,,,,,,,,,,,,,,,,,,,,,,,,,,,,,,,,,,,,,,,,,,,,,,,,,,,,,,,,,,,,,,,,,,,,,,,,,,,,,,,,,,,,,,,,,,,,,,,,,,,,,,,,,,,,,,,,,,,,,,,,,,,,,,,,,,,,,,,,,,,,,,,,,,,,,,,,,,,,,,,,,,,,,,,,,,,,,,,,,,,,,,,,,,,,,,,,,,,,,,,,,,,,,,,,,,,
二号线石湖东路站,shihudonglu@sz-mtr.com,szgdjt.local/共享邮箱,shihudonglu@sz-mtr.com,用户邮箱,,,,,,,,,,,,,,,,,,,,,,,,,,,,,,,,,,,,,,,,,,,,,,,,,,,,,,,,,,,,,,,,,,,,,,,,,,,,,,,,,,,,,,,,,,,,,,,,,,,,,,,,,,,,,,,,,,,,,,,,,,,,,,,,,,,,,,,,,,,,,,,,,,,,,,,,,,,,,,,,,,,,,,,,,,,,,,,,,,,,,,,,,,,,,,,,,,,,,,,,,,,,,,,,,,,,,,,,,,,,,,,,,,,,,,,,,,,,,,,,,,,,,,,,,,,,,,,,,,,,,,,,,,,,,,,,,,,,,,,,,,,,,,,,,,,,,,,,,,,,,,,,,,,,,,,,,,,,,,,,,,,,,,,,,,,,,,,,,
二号线宝带桥南站,baodaiqiaonan@sz-mtr.com,szgdjt.local/共享邮箱,baodaiqiaonan@sz-mtr.com,用户邮箱,,,,,,,,,,,,,,,,,,,,,,,,,,,,,,,,,,,,,,,,,,,,,,,,,,,,,,,,,,,,,,,,,,,,,,,,,,,,,,,,,,,,,,,,,,,,,,,,,,,,,,,,,,,,,,,,,,,,,,,,,,,,,,,,,,,,,,,,,,,,,,,,,,,,,,,,,,,,,,,,,,,,,,,,,,,,,,,,,,,,,,,,,,,,,,,,,,,,,,,,,,,,,,,,,,,,,,,,,,,,,,,,,,,,,,,,,,,,,,,,,,,,,,,,,,,,,,,,,,,,,,,,,,,,,,,,,,,,,,,,,,,,,,,,,,,,,,,,,,,,,,,,,,,,,,,,,,,,,,,,,,,,,,,,,,,,,,,,,
,,,,,,,,,,,,,,,,,,,,,,,,,,,,,,,,,,,,,,,,,,,,,,,,,,,,,,,,,,,,,,,,,,,,,,,,,,,,,,,,,,,,,,,,,,,,,,,,,,,,,,,,,,,,,,,,,,,,,,,,,,,,,,,,,,,,,,,,,,,,,,,,,,,,,,,,,,,,,,,,,,,,,,,,,,,,,,,,,,,,,,,,,,,,,,,,,,,,,,,,,,,,,,,,,,,,,,,,,,,,,,,,,,,,,,,,,,,,,,,,,,,,,,,,,,,,,,,,,,,,,,,,,,,,,,,,,,,,,,,,,,,,,,,,,,,,,,,,,,,,,,,,,,,,,,,,,,,,,,,,,,,,,,,,,,,,,,,,,,,,,
DN,objectClass,distinguishedName,instanceType,whenCreated,whenChanged,subRefs,uSNCreated,dSASignature,repsTo,repsFrom,uSNChanged,name,objectGUID,replUpToDateVector,creationTime,forceLogoff,lockoutDuration,lockOutObservationWindow,lockoutThreshold,maxPwdAge,minPwdAge,minPwdLength,modifiedCountAtLastProm,nextRid,pwdProperties,pwdHistoryLength,objectSid,serverState,uASCompat,modifiedCount,auditingPolicy,nTMixedDomain,rIDManagerReference,fSMORoleOwner,systemFlags,wellKnownObjects,objectCategory,isCriticalSystemObject,gPLink,dSCorePropagationData,otherWellKnownObjects,masteredBy,ms-DS-MachineAccountQuota,msDS-Behavior-Version,msDS-PerUserTrustQuota,msDS-AllUsersTrustQuota,msDS-PerUserTrustTombstonesQuota,msDs-masteredBy,msDS-IsDomainFor,msDS-NcType,dc,cn,description,showInAdvancedViewOnly,ou,msDS-TombstoneQuotaFactor,displayName,flags,versionNumber,gPCFunctionalityVersion,gPCFileSysPath,gPCMachineExtensionNames,ipsecName,ipsecID,ipsecDataType,ipsecData,ipsecISAKMPReference,ipsecNFAReference,ipsecOwnersReference,ipsecNegotiationPolicyReference,ipsecFilterReference,iPSECNegotiationPolicyType,iPSECNegotiationPolicyAction,revision,userCertificate,memberOf,userAccountControl,badPwdCount,codePage,countryCode,badPasswordTime,lastLogoff,lastLogon,logonHours,pwdLastSet,primaryGroupID,adminCount,accountExpires,logonCount,sAMAccountName,sAMAccountType,userPrincipalName,mSMQSignCertificates,mSMQDigests,lastLogonTimestamp,member,groupType,samDomainUpdates,localPolicyFlags,operatingSystem,operatingSystemVersion,operatingSystemServicePack,serverReferenceBL,dNSHostName,rIDSetReferences,servicePrincipalName,msDS-SupportedEncryptionTypes,msDFSR-ComputerReferenceBL,rIDAvailablePool,rIDAllocationPool,rIDPreviousAllocationPool,rIDUsedPool,rIDNextRID,dNSProperty,dnsRecord,msDFSR-Flags,msDFSR-ReplicationGroupType,msDFSR-FileFilter,msDFSR-DirectoryFilter,serverReference,msDFSR-ComputerReference,msDFSR-MemberReferenceBL,msDFSR-Version,msDFSR-ReplicationGroupGuid,msDFSR-MemberReference,msDFSR-RootPath,msDFSR-StagingPath,msDFSR-Enabled,msDFSR-Options,msDFSR-ContentSetGuid,msDFSR-ReadOnly,sn,givenName,proxyAddresses,showInAddressBook,managedObjects,legacyExchangeDN,mail,msExchDelegateListBL,msExchUserBL,msExchCoManagedObjectsBL,msExchMailboxSecurityDescriptor,msExchRecipientTypeDetails,msExchUserAccountControl,msExchPreviousHomeMDB,homeMDB,msExchRBACPolicyLink,msExchWhenMailboxCreated,msExchShadowProxyAddresses,homeMTA,mDBUseDefaults,msExchHomeServerName,msExchUMDtmfMap,msExchMailboxGuid,msExchPoliciesIncluded,protocolSettings,msExchTextMessagingState,msExchUserCulture,msExchVersion,msExchRecipientDisplayType,mailNickname,managedBy,msExchProvisioningFlags,msExchModerationFlags,msExchTransportRecipientSettingsFlags,msExchGroupJoinRestriction,msExchGroupDepartRestriction,internetEncoding,msExchUMEnabledFlags2,msExchHideFromAddressLists,msExchRequireAuthToSendTo,msExchMailboxMoveStatus,msExchMailboxMoveTargetMDBLink,msExchApprovalApplicationLink,msExchMasterAccountSid,msExchMailboxMoveFlags,msExchMailboxTemplateLink,msExchELCMailboxFlags,mDBOverHardQuotaLimit,msRTCSIP-InternetAccessEnabled,msRTCSIP-PrimaryUserAddress,msExchMessageHygieneSCLQuarantineThreshold,msExchMessageHygieneSCLDeleteThreshold,msRTCSIP-FederationEnabled,mDBStorageQuota,mDBOverQuotaLimit,msRTCSIP-UserEnabled,msExchMessageHygieneSCLJunkThreshold,msRTCSIP-OptionFlags,msExchMessageHygieneSCLRejectThreshold,msRTCSIP-DeploymentLocator,msRTCSIP-UserPolicies,msExchRMSComputerAccountsLink,msRTCSIP-PrimaryHomeServer,objectVersion,mS-DS-CreatorSID,msExchRMSComputerAccountsBL,postalCode,extensionName,msExchDelegateListLink,msExchMailboxAuditEnable,msExchBypassAudit,msExchMailboxAuditLogAgeLimit,msExchAddressBookFlags,deliveryMechanism,lastSetTime,priorSetTime,initials,desktopProfile,url,title,telephoneNumber,department,employeeID,homePhone,mobile,departmentNumber,middleName,msExchMobileMailboxFlags,msExchBlockedSendersHash,msExchShadowDisplayName,msExchShadowMailNickname,msExchSafeSendersHash,physicalDeliveryOfficeName,facsimileTelephoneNumber,msExchMailboxMoveSourceUserBL,ipPhone,msExchPoliciesExcluded,mSMQSites,mSMQServiceType,mSMQOSType,mSMQEncryptKey,mSMQSignKey,mSMQDependentClientServices,mSMQRoutingServices,mSMQDsServices,msRRASAttribute,msExchCoManagedByLink,keywords,msRTCSIP-ServerVersion,msRTCSIP-EnterpriseServices,garbageCollPeriod,comment,msExchDumpsterWarningQuota,msExchShadowCountryCode,msExchArchiveQuota,msExchArchiveWarnQuota,msExchMDBRulesQuota,msExchDumpsterQuota,mSMQQueueType,mSMQJournal,mSMQBasePriority,mSMQAuthenticate,mSMQPrivacyLevel,mSMQTransactional,mSMQQueueQuota,mSMQQueueJournalQuota,mSMQLabelEx,info,lastUpdateSequence,appSchemaVersion,msiScriptPath,cOMClassID,localeID,machineArchitecture,packageType,packageName,packageFlags,versionNumberHi,versionNumberLo,msiFileList,upgradeProductCode,productCode,msiScriptName,installUiLevel,company,msExchShadowSn,msExchShadowGivenName,msExchObjectsDeletedThisPeriod,msExchUserDisplayName,msExchFirstSyncTime,msExchDeviceEASVersion,msExchDeviceAccessState,msExchDeviceType,msExchDeviceAccessStateReason,msExchDeviceUserAgent,msExchDeviceID,msExchDeviceModel,msExchDeviceOS,msExchDeviceFriendlyName,msExchDeviceOSLanguage,msExchSafeRecipientsHash,msExchShadowHomePhone,reportToOriginator,msExchArbitrationMailbox,msExchDeviceIMEI,msExchDeviceMobileOperator,gPCUserExtensionNames,lockoutTime,authOrig,submissionContLength,authOrigBL,delivContLength,uNCName,serverName,portName,driverName,priority,printStartTime,printEndTime,printBinNames,printMaxResolutionSupported,printOrientationsSupported,printCollate,printColor,printLanguage,printShareName,printSpooling,printKeepPrintedJobs,driverVersion,printMaxXExtent,printMaxYExtent,printMinXExtent,printMinYExtent,printStaplingSupported,printMemory,printRate,printRateUnit,printMediaReady,printNumberUp,printMediaSupported,printerName,printPagesPerMinute,shortServerName,printDuplexSupported,msExchDeviceTelephoneNumber,userParameters,serviceClassName,serviceBindingInformation,serviceDNSName,serviceDNSNameType
"CN=一号线木渎站,OU=共享邮箱,DC=szgdjt,DC=local",user,X'434e3de4b880e58fb7e7babfe69ca8e6b88ee7ab992c4f553de585b1e4baabe982aee7aeb12c44433d737a67646a742c44433d6c6f63616c',4,20120314014943.0Z,20130827044823.0Z,,690308,,,,20808008,X'e4b880e58fb7e7babfe69ca8e6b88ee7ab99',X'09b47be08eb382469eb6aa27f252bada',,,,,,,,,,,,,,X'0105000000000005150000008d3c500b7c48741eb6232bd243070000',,,,,,,,,,"CN=Person,CN=Schema,CN=Configuration,DC=szgdjt,DC=local",,,16010101000000.0Z,,,,,,,,,,,,X'e4b880e58fb7e7babfe69ca8e6b88ee7ab99',X'e4b880e58fb7e7babfe8bda6e7ab99e982aee7aeb1',,,,X'e4b880e58fb7e7babfe69ca8e6b88ee7ab99',,,,,,,,,,,,,,,,,,,,66048,0,0,0,1.30216E+17,0,1.30221E+17,,1.29762E+17,513,,9.22337E+18,859,mudu,805306368,mudu@sz-mtr.com,,,1.30221E+17,,,,,,,,,,,,0,,,,,,,,,,,,,,,,,,,,,,,,,,,sip:mudu@sz-mtr.com;SMTP:mudu@sz-mtr.com,X'434e3d4d61696c626f78657328564c56292c434e3d416c6c2053797374656d2041646472657373204c697374732c434e3d41646472657373204c6973747320436f6e7461696e65722c434e3d47464d41494c2c434e3d4d6963726f736f66742045786368616e67652c434e3d53657276696365732c434e3d436f6e66696775726174696f6e2c44433d737a67646a742c44433d6c6f63616c';X'434e3d416c6c204d61696c626f78657328564c56292c434e3d416c6c2053797374656d2041646472657373204c697374732c434e3d41646472657373204c6973747320436f6e7461696e65722c434e3d47464d41494c2c434e3d4d6963726f736f66742045786368616e67652c434e3d53657276696365732c434e3d436f6e66696775726174696f6e2c44433d737a67646a742c44433d6c6f63616c';X'434e3d416c6c20526563697069656e747328564c56292c434e3d416c6c2053797374656d2041646472657373204c697374732c434e3d41646472657373204c6973747320436f6e7461696e65722c434e3d47464d41494c2c434e3d4d6963726f736f66742045786368616e67652c434e3d53657276696365732c434e3d436f6e66696775726174696f6e2c44433d737a67646a742c44433d6c6f63616c';X'434e3de9bb98e8aea4e585a8e5b180e59cb0e59d80e58897e8a1a82c434e3d416c6c20476c6f62616c2041646472657373204c697374732c434e3d41646472657373204c6973747320436f6e7461696e65722c434e3d47464d41494c2c434e3d4d6963726f736f66742045786368616e67652c434e3d53657276696365732c434e3d436f6e66696775726174696f6e2c44433d737a67646a742c44433d6c6f63616c';X'434e3de68980e69c89e794a8e688b72c434e3d416c6c2041646472657373204c697374732c434e3d41646472657373204c6973747320436f6e7461696e65722c434e3d47464d41494c2c434e3d4d6963726f736f66742045786368616e67652c434e3d53657276696365732c434e3d436f6e66696775726174696f6e2c44433d737a67646a742c44433d6c6f63616c',,/o=GFMAIL/ou=Exchange Administrative Group (FYDIBOHF23SPDLT)/cn=Recipients/cn=userea99d50f,mudu@sz-mtr.com,,,,X'010004801400000020000000000000002c00000001010000000000050a00000001010000000000050a00000004001c0001000000000214000100020001010000000000050a000000',1,2,,"CN=SZUserDB-02,CN=Databases,CN=Exchange Administrative Group (FYDIBOHF23SPDLT),CN=Administrative Groups,CN=GFMAIL,CN=Microsoft Exchange,CN=Services,CN=Configuration,DC=szgdjt,DC=local","CN=Default Role Assignment Policy,CN=Policies,CN=RBAC,CN=GFMAIL,CN=Microsoft Exchange,CN=Services,CN=Configuration,DC=szgdjt,DC=local",20120314014942.0Z,SMTP:mudu@sz-mtr.com;smtp:mudu@szgdjt.com;sip:mudu@szgdjt.com,"CN=Microsoft MTA,CN=SZGDJT-MBX-01,CN=Servers,CN=Exchange Administrative Group (FYDIBOHF23SPDLT),CN=Administrative Groups,CN=GFMAIL,CN=Microsoft Exchange,CN=Services,CN=Configuration,DC=szgdjt,DC=local",TRUE,/o=GFMAIL/ou=Exchange Administrative Group (FYDIBOHF23SPDLT)/cn=Configuration/cn=Servers/cn=SZGDJT-MBX-01,emailAddress:6838;lastNameFirstName:;firstNameLastName:,X'9a4a660ff8c03e4886083e1936fc2593',567257da-b2c7-4939-bd45-a1fde3696b44;{26491cfc-9e50-4857-861b-0cb8df22b5d7},X'52656d6f7465506f7765725368656c6cc2a731',302120705;16842751,zh-CN,4.4221E+13,1073741824,mudu,,0,6,0,,,0,-1,,,,,,,,,,,TRUE,sip:mudu@sz-mtr.com,,,TRUE,,,TRUE,,257,,SRV:,0=1713702880,,"CN=Lc Services,CN=Microsoft,CN=1:1,CN=Pools,CN=RTC Service,CN=Services,CN=Configuration,DC=szgdjt,DC=local",,,,,,,FALSE,FALSE,7776000,1,,,,,,,,,,,,,,,,,X'e69ca8e6b88ee7ab99',mudu,,X'e4b880e58fb7e7babfe8bda6e7ab99e982aee7aeb1',,,,,,,,,,,,,,,,,,1209600,share,20971520,0,52428800,47185920,64,31457280,,,,,,,,,,,,,,,,,,,,,,,,,,,,,,,,,,,,,,,,,,,,,,,,,,,,,,,,,,,,,,,,,,,,,,,,,,,,,,,,,,,,,,,,,,,,
"CN=一号线金枫路站,OU=共享邮箱,DC=szgdjt,DC=local",user,X'434e3de4b880e58fb7e7babfe98791e69eabe8b7afe7ab992c4f553de585b1e4baabe982aee7aeb12c44433d737a67646a742c44433d6c6f63616c',4,20120314015105.0Z,20130821071009.0Z,,690345,,,,20516377,X'e4b880e58fb7e7babfe98791e69eabe8b7afe7ab99',X'2956f1f11eacd245bb86609450662003',,,,,,,,,,,,,,X'0105000000000005150000008d3c500b7c48741eb6232bd244070000',,,,,,,,,,"CN=Person,CN=Schema,CN=Configuration,DC=szgdjt,DC=local",,,16010101000000.0Z,,,,,,,,,,,,X'e4b880e58fb7e7babfe98791e69eabe8b7afe7ab99',X'e4b880e58fb7e7babfe8bda6e7ab99e982aee7aeb1',,,,X'e4b880e58fb7e7babfe98791e69eabe8b7afe7ab99',,,,,,,,,,,,,,,,,,,,66048,0,0,0,1.3022E+17,0,1.3022E+17,,1.29762E+17,513,,9.22337E+18,31,jinfenglu,805306368,jinfenglu@sz-mtr.com,,,1.30215E+17,,,,,,,,,,,,0,,,,,,,,,,,,,,,,,,,,,,,,,,,sip:jinfenglu@sz-mtr.com;SMTP:jinfenglu@sz-mtr.com,X'434e3d4d61696c626f78657328564c56292c434e3d416c6c2053797374656d2041646472657373204c697374732c434e3d41646472657373204c6973747320436f6e7461696e65722c434e3d47464d41494c2c434e3d4d6963726f736f66742045786368616e67652c434e3d53657276696365732c434e3d436f6e66696775726174696f6e2c44433d737a67646a742c44433d6c6f63616c';X'434e3d416c6c204d61696c626f78657328564c56292c434e3d416c6c2053797374656d2041646472657373204c697374732c434e3d41646472657373204c6973747320436f6e7461696e65722c434e3d47464d41494c2c434e3d4d6963726f736f66742045786368616e67652c434e3d53657276696365732c434e3d436f6e66696775726174696f6e2c44433d737a67646a742c44433d6c6f63616c';X'434e3d416c6c20526563697069656e747328564c56292c434e3d416c6c2053797374656d2041646472657373204c697374732c434e3d41646472657373204c6973747320436f6e7461696e65722c434e3d47464d41494c2c434e3d4d6963726f736f66742045786368616e67652c434e3d53657276696365732c434e3d436f6e66696775726174696f6e2c44433d737a67646a742c44433d6c6f63616c';X'434e3de9bb98e8aea4e585a8e5b180e59cb0e59d80e58897e8a1a82c434e3d416c6c20476c6f62616c2041646472657373204c697374732c434e3d41646472657373204c6973747320436f6e7461696e65722c434e3d47464d41494c2c434e3d4d6963726f736f66742045786368616e67652c434e3d53657276696365732c434e3d436f6e66696775726174696f6e2c44433d737a67646a742c44433d6c6f63616c';X'434e3de68980e69c89e794a8e688b72c434e3d416c6c2041646472657373204c697374732c434e3d41646472657373204c6973747320436f6e7461696e65722c434e3d47464d41494c2c434e3d4d6963726f736f66742045786368616e67652c434e3d53657276696365732c434e3d436f6e66696775726174696f6e2c44433d737a67646a742c44433d6c6f63616c',,/o=GFMAIL/ou=Exchange Administrative Group (FYDIBOHF23SPDLT)/cn=Recipients/cn=usere229f41d,jinfenglu@sz-mtr.com,,,,X'010004801400000020000000000000002c00000001010000000000050a00000001010000000000050a00000004001c0001000000000214000100020001010000000000050a000000',1,2,,"CN=SZUserDB-02,CN=Databases,CN=Exchange Administrative Group (FYDIBOHF23SPDLT),CN=Administrative Groups,CN=GFMAIL,CN=Microsoft Exchange,CN=Services,CN=Configuration,DC=szgdjt,DC=local","CN=Default Role Assignment Policy,CN=Policies,CN=RBAC,CN=GFMAIL,CN=Microsoft Exchange,CN=Services,CN=Configuration,DC=szgdjt,DC=local",20120314015105.0Z,SMTP:jinfenglu@sz-mtr.com;smtp:jinfenglu@szgdjt.com;sip:jinfenglu@szgdjt.com,"CN=Microsoft MTA,CN=SZGDJT-MBX-01,CN=Servers,CN=Exchange Administrative Group (FYDIBOHF23SPDLT),CN=Administrative Groups,CN=GFMAIL,CN=Microsoft Exchange,CN=Services,CN=Configuration,DC=szgdjt,DC=local",TRUE,/o=GFMAIL/ou=Exchange Administrative Group (FYDIBOHF23SPDLT)/cn=Configuration/cn=Servers/cn=SZGDJT-MBX-01,emailAddress:546336458;lastNameFirstName:;firstNameLastName:,X'723edb3848bcfb4e91a760acfbdeead3',567257da-b2c7-4939-bd45-a1fde3696b44;{26491cfc-9e50-4857-861b-0cb8df22b5d7},X'52656d6f7465506f7765725368656c6cc2a731',302120705;16842751,zh-CN,4.4221E+13,1073741824,jinfenglu,,0,6,0,,,0,-1,,,,,,,,,,,TRUE,sip:jinfenglu@sz-mtr.com,,,TRUE,,,TRUE,,257,,SRV:,0=1713702880,,"CN=Lc Services,CN=Microsoft,CN=1:1,CN=Pools,CN=RTC Service,CN=Services,CN=Configuration,DC=szgdjt,DC=local",,,,,,,FALSE,FALSE,7776000,1,,,,,,,,,,,,,,,,,X'e98791e69eabe8b7afe7ab99',jinfenglu,,X'e4b880e58fb7e7babfe8bda6e7ab99e982aee7aeb1',,,,,,,,,,,,,,,,,,1209600,share,20971520,0,52428800,47185920,64,31457280,,,,,,,,,,,,,,,,,,,,,,,,,,,,,,,,,,,,,,,,,,,,,,,,,,,,,,,,,,,,,,,,,,,,,,,,,,,,,,,,,,,,,,,,,,,,
"CN=一号线汾湖路站,OU=共享邮箱,DC=szgdjt,DC=local",user,X'434e3de4b880e58fb7e7babfe6b1bee6b996e8b7afe7ab992c4f553de585b1e4baabe982aee7aeb12c44433d737a67646a742c44433d6c6f63616c',4,20120314015510.0Z,20130821072852.0Z,,690431,,,,20517231,X'e4b880e58fb7e7babfe6b1bee6b996e8b7afe7ab99',X'438e8b418de9f94aa9e7106605b535c3',,,,,,,,,,,,,,X'0105000000000005150000008d3c500b7c48741eb6232bd245070000',,,,,,,,,,"CN=Person,CN=Schema,CN=Configuration,DC=szgdjt,DC=local",,,16010101000000.0Z,,,,,,,,,,,,X'e4b880e58fb7e7babfe6b1bee6b996e8b7afe7ab99',X'e4b880e58fb7e7babfe8bda6e7ab99e982aee7aeb1',,,,X'e4b880e58fb7e7babfe6b1bee6b996e8b7afe7ab99',,,,,,,,,,,,,,,,,,,,66048,0,0,0,1.3021E+17,0,1.30221E+17,,1.29762E+17,513,,9.22337E+18,74,fenhulu,805306368,fenhulu@sz-mtr.com,,,1.30215E+17,,,,,,,,,,,,0,,,,,,,,,,,,,,,,,,,,,,,,,,,sip:fenhulu@sz-mtr.com;SMTP:fenhulu@sz-mtr.com,X'434e3d4d61696c626f78657328564c56292c434e3d416c6c2053797374656d2041646472657373204c697374732c434e3d41646472657373204c6973747320436f6e7461696e65722c434e3d47464d41494c2c434e3d4d6963726f736f66742045786368616e67652c434e3d53657276696365732c434e3d436f6e66696775726174696f6e2c44433d737a67646a742c44433d6c6f63616c';X'434e3d416c6c204d61696c626f78657328564c56292c434e3d416c6c2053797374656d2041646472657373204c697374732c434e3d41646472657373204c6973747320436f6e7461696e65722c434e3d47464d41494c2c434e3d4d6963726f736f66742045786368616e67652c434e3d53657276696365732c434e3d436f6e66696775726174696f6e2c44433d737a67646a742c44433d6c6f63616c';X'434e3d416c6c20526563697069656e747328564c56292c434e3d416c6c2053797374656d2041646472657373204c697374732c434e3d41646472657373204c6973747320436f6e7461696e65722c434e3d47464d41494c2c434e3d4d6963726f736f66742045786368616e67652c434e3d53657276696365732c434e3d436f6e66696775726174696f6e2c44433d737a67646a742c44433d6c6f63616c';X'434e3de9bb98e8aea4e585a8e5b180e59cb0e59d80e58897e8a1a82c434e3d416c6c20476c6f62616c2041646472657373204c697374732c434e3d41646472657373204c6973747320436f6e7461696e65722c434e3d47464d41494c2c434e3d4d6963726f736f66742045786368616e67652c434e3d53657276696365732c434e3d436f6e66696775726174696f6e2c44433d737a67646a742c44433d6c6f63616c';X'434e3de68980e69c89e794a8e688b72c434e3d416c6c2041646472657373204c697374732c434e3d41646472657373204c6973747320436f6e7461696e65722c434e3d47464d41494c2c434e3d4d6963726f736f66742045786368616e67652c434e3d53657276696365732c434e3d436f6e66696775726174696f6e2c44433d737a67646a742c44433d6c6f63616c',,/o=GFMAIL/ou=Exchange Administrative Group (FYDIBOHF23SPDLT)/cn=Recipients/cn=userf29be0c7,fenhulu@sz-mtr.com,,,,X'010004801400000020000000000000002c00000001010000000000050a00000001010000000000050a00000004001c0001000000000214000100020001010000000000050a000000',1,2,,"CN=SZUserDB-02,CN=Databases,CN=Exchange Administrative Group (FYDIBOHF23SPDLT),CN=Administrative Groups,CN=GFMAIL,CN=Microsoft Exchange,CN=Services,CN=Configuration,DC=szgdjt,DC=local","CN=Default Role Assignment Policy,CN=Policies,CN=RBAC,CN=GFMAIL,CN=Microsoft Exchange,CN=Services,CN=Configuration,DC=szgdjt,DC=local",20120314015510.0Z,SMTP:fenhulu@sz-mtr.com;smtp:fenhulu@szgdjt.com;sip:fenhulu@szgdjt.com,"CN=Microsoft MTA,CN=SZGDJT-MBX-01,CN=Servers,CN=Exchange Administrative Group (FYDIBOHF23SPDLT),CN=Administrative Groups,CN=GFMAIL,CN=Microsoft Exchange,CN=Services,CN=Configuration,DC=szgdjt,DC=local",TRUE,/o=GFMAIL/ou=Exchange Administrative Group (FYDIBOHF23SPDLT)/cn=Configuration/cn=Servers/cn=SZGDJT-MBX-01,emailAddress:3364858;lastNameFirstName:;firstNameLastName:,X'49ffd117ee46634ca48e7daa41ce3b18',567257da-b2c7-4939-bd45-a1fde3696b44;{26491cfc-9e50-4857-861b-0cb8df22b5d7},X'52656d6f7465506f7765725368656c6cc2a731',302120705;16842751,zh-CN,4.4221E+13,1073741824,fenhulu,,0,6,0,,,0,-1,,,,,,,,,,,TRUE,sip:fenhulu@sz-mtr.com,,,TRUE,,,TRUE,,257,,SRV:,0=1713702880,,"CN=Lc Services,CN=Microsoft,CN=1:1,CN=Pools,CN=RTC Service,CN=Services,CN=Configuration,DC=szgdjt,DC=local",,,,,,,FALSE,FALSE,7776000,1,,,,,,,,,,,,,,,,,X'e6b1bee6b996e8b7afe7ab99',fenhulu,,X'e4b880e58fb7e7babfe8bda6e7ab99e982aee7aeb1',,,,,,,,,,,,,,,,,,1209600,share,20971520,0,52428800,47185920,64,31457280,,,,,,,,,,,,,,,,,,,,,,,,,,,,,,,,,,,,,,,,,,,,,,,,,,,,,,,,,,,,,,,,,,,,,,,,,,,,,,,,,,,,,,,,,,,,
"CN=一号线玉山路站,OU=共享邮箱,DC=szgdjt,DC=local",user,X'434e3de4b880e58fb7e7babfe78e89e5b1b1e8b7afe7ab992c4f553de585b1e4baabe982aee7aeb12c44433d737a67646a742c44433d6c6f63616c',4,20120314015556.0Z,20130821072221.0Z,,690468,,,,20516931,X'e4b880e58fb7e7babfe78e89e5b1b1e8b7afe7ab99',X'5a045a58bfc50145814426f673e25aef',,,,,,,,,,,,,,X'0105000000000005150000008d3c500b7c48741eb6232bd246070000',,,,,,,,,,"CN=Person,CN=Schema,CN=Configuration,DC=szgdjt,DC=local",,,16010101000000.0Z,,,,,,,,,,,,X'e4b880e58fb7e7babfe78e89e5b1b1e8b7afe7ab99',X'e4b880e58fb7e7babfe8bda6e7ab99e982aee7aeb1',,,,X'e4b880e58fb7e7babfe78e89e5b1b1e8b7afe7ab99',,,,,,,,,,,,,,,,,,,,66048,0,0,0,1.3022E+17,0,1.30221E+17,,1.29762E+17,513,,9.22337E+18,180,yushanlu,805306368,yushanlu@sz-mtr.com,,,1.30215E+17,,,,,,,,,,,,0,,,,,,,,,,,,,,,,,,,,,,,,,,,sip:yushanlu@sz-mtr.com;SMTP:yushanlu@sz-mtr.com,X'434e3d4d61696c626f78657328564c56292c434e3d416c6c2053797374656d2041646472657373204c697374732c434e3d41646472657373204c6973747320436f6e7461696e65722c434e3d47464d41494c2c434e3d4d6963726f736f66742045786368616e67652c434e3d53657276696365732c434e3d436f6e66696775726174696f6e2c44433d737a67646a742c44433d6c6f63616c';X'434e3d416c6c204d61696c626f78657328564c56292c434e3d416c6c2053797374656d2041646472657373204c697374732c434e3d41646472657373204c6973747320436f6e7461696e65722c434e3d47464d41494c2c434e3d4d6963726f736f66742045786368616e67652c434e3d53657276696365732c434e3d436f6e66696775726174696f6e2c44433d737a67646a742c44433d6c6f63616c';X'434e3d416c6c20526563697069656e747328564c56292c434e3d416c6c2053797374656d2041646472657373204c697374732c434e3d41646472657373204c6973747320436f6e7461696e65722c434e3d47464d41494c2c434e3d4d6963726f736f66742045786368616e67652c434e3d53657276696365732c434e3d436f6e66696775726174696f6e2c44433d737a67646a742c44433d6c6f63616c';X'434e3de9bb98e8aea4e585a8e5b180e59cb0e59d80e58897e8a1a82c434e3d416c6c20476c6f62616c2041646472657373204c697374732c434e3d41646472657373204c6973747320436f6e7461696e65722c434e3d47464d41494c2c434e3d4d6963726f736f66742045786368616e67652c434e3d53657276696365732c434e3d436f6e66696775726174696f6e2c44433d737a67646a742c44433d6c6f63616c';X'434e3de68980e69c89e794a8e688b72c434e3d416c6c2041646472657373204c697374732c434e3d41646472657373204c6973747320436f6e7461696e65722c434e3d47464d41494c2c434e3d4d6963726f736f66742045786368616e67652c434e3d53657276696365732c434e3d436f6e66696775726174696f6e2c44433d737a67646a742c44433d6c6f63616c',,/o=GFMAIL/ou=Exchange Administrative Group (FYDIBOHF23SPDLT)/cn=Recipients/cn=user07c77a32,yushanlu@sz-mtr.com,,,,X'010004801400000020000000000000002c00000001010000000000050a00000001010000000000050a00000004001c0001000000000214000100020001010000000000050a000000',1,2,,"CN=SZUserDB-02,CN=Databases,CN=Exchange Administrative Group (FYDIBOHF23SPDLT),CN=Administrative Groups,CN=GFMAIL,CN=Microsoft Exchange,CN=Services,CN=Configuration,DC=szgdjt,DC=local","CN=Default Role Assignment Policy,CN=Policies,CN=RBAC,CN=GFMAIL,CN=Microsoft Exchange,CN=Services,CN=Configuration,DC=szgdjt,DC=local",20120314015556.0Z,SMTP:yushanlu@sz-mtr.com;smtp:yushanlu@szgdjt.com;sip:yushanlu@szgdjt.com,"CN=Microsoft MTA,CN=SZGDJT-MBX-01,CN=Servers,CN=Exchange Administrative Group (FYDIBOHF23SPDLT),CN=Administrative Groups,CN=GFMAIL,CN=Microsoft Exchange,CN=Services,CN=Configuration,DC=szgdjt,DC=local",TRUE,/o=GFMAIL/ou=Exchange Administrative Group (FYDIBOHF23SPDLT)/cn=Configuration/cn=Servers/cn=SZGDJT-MBX-01,emailAddress:98742658;lastNameFirstName:;firstNameLastName:,X'a3cf152ab5959644af6cd2f4ab82a26b',567257da-b2c7-4939-bd45-a1fde3696b44;{26491cfc-9e50-4857-861b-0cb8df22b5d7},X'52656d6f7465506f7765725368656c6cc2a731',302120705;16842751,zh-CN,4.4221E+13,1073741824,yushanlu,,0,6,0,,,0,-1,,,,,,,,,,,TRUE,sip:yushanlu@sz-mtr.com,,,TRUE,,,TRUE,,257,,SRV:,0=1713702880,,"CN=Lc Services,CN=Microsoft,CN=1:1,CN=Pools,CN=RTC Service,CN=Services,CN=Configuration,DC=szgdjt,DC=local",,,,,,,FALSE,FALSE,7776000,1,,,,,,,,,,,,,,,,,X'e78e89e5b1b1e8b7afe7ab99',yushanlu,,X'e4b880e58fb7e7babfe8bda6e7ab99e982aee7aeb1',,,,,,,,,,,,,,,,,,1209600,share,20971520,0,52428800,47185920,64,31457280,,,,,,,,,,,,,,,,,,,,,,,,,,,,,,,,,,,,,,,,,,,,,,,,,,,,,,,,,,,,,,,,,,,,,,,,,,,,,,,,,,,,,,,,,,,,
"CN=一号线苏州乐园站,OU=共享邮箱,DC=szgdjt,DC=local",user,X'434e3de4b880e58fb7e7babfe88b8fe5b79ee4b990e59bade7ab992c4f553de585b1e4baabe982aee7aeb12c44433d737a67646a742c44433d6c6f63616c',4,20120314015738.0Z,20130821074407.0Z,,690529,,,,20517881,X'e4b880e58fb7e7babfe88b8fe5b79ee4b990e59bade7ab99',X'8f6181297113894eaba667d295da99ab',,,,,,,,,,,,,,X'0105000000000005150000008d3c500b7c48741eb6232bd247070000',,,,,,,,,,"CN=Person,CN=Schema,CN=Configuration,DC=szgdjt,DC=local",,,16010101000000.0Z,,,,,,,,,,,,X'e4b880e58fb7e7babfe88b8fe5b79ee4b990e59bade7ab99',X'e4b880e58fb7e7babfe8bda6e7ab99e982aee7aeb1',,,,X'e4b880e58fb7e7babfe88b8fe5b79ee4b990e59bade7ab99',,,,,,,,,,,,,,,,,,,,66048,0,0,0,1.30203E+17,0,1.3022E+17,,1.29762E+17,513,,9.22337E+18,50,suzhouleyuan,805306368,suzhouleyuan@sz-mtr.com,,,1.30215E+17,,,,,,,,,,,,0,,,,,,,,,,,,,,,,,,,,,,,,,,,sip:suzhouleyuan@sz-mtr.com;SMTP:suzhouleyuan@sz-mtr.com,X'434e3d4d61696c626f78657328564c56292c434e3d416c6c2053797374656d2041646472657373204c697374732c434e3d41646472657373204c6973747320436f6e7461696e65722c434e3d47464d41494c2c434e3d4d6963726f736f66742045786368616e67652c434e3d53657276696365732c434e3d436f6e66696775726174696f6e2c44433d737a67646a742c44433d6c6f63616c';X'434e3d416c6c204d61696c626f78657328564c56292c434e3d416c6c2053797374656d2041646472657373204c697374732c434e3d41646472657373204c6973747320436f6e7461696e65722c434e3d47464d41494c2c434e3d4d6963726f736f66742045786368616e67652c434e3d53657276696365732c434e3d436f6e66696775726174696f6e2c44433d737a67646a742c44433d6c6f63616c';X'434e3d416c6c20526563697069656e747328564c56292c434e3d416c6c2053797374656d2041646472657373204c697374732c434e3d41646472657373204c6973747320436f6e7461696e65722c434e3d47464d41494c2c434e3d4d6963726f736f66742045786368616e67652c434e3d53657276696365732c434e3d436f6e66696775726174696f6e2c44433d737a67646a742c44433d6c6f63616c';X'434e3de9bb98e8aea4e585a8e5b180e59cb0e59d80e58897e8a1a82c434e3d416c6c20476c6f62616c2041646472657373204c697374732c434e3d41646472657373204c6973747320436f6e7461696e65722c434e3d47464d41494c2c434e3d4d6963726f736f66742045786368616e67652c434e3d53657276696365732c434e3d436f6e66696775726174696f6e2c44433d737a67646a742c44433d6c6f63616c';X'434e3de68980e69c89e794a8e688b72c434e3d416c6c2041646472657373204c697374732c434e3d41646472657373204c6973747320436f6e7461696e65722c434e3d47464d41494c2c434e3d4d6963726f736f66742045786368616e67652c434e3d53657276696365732c434e3d436f6e66696775726174696f6e2c44433d737a67646a742c44433d6c6f63616c',,/o=GFMAIL/ou=Exchange Administrative Group (FYDIBOHF23SPDLT)/cn=Recipients/cn=user4aa64b9d,suzhouleyuan@sz-mtr.com,,,,X'010004801400000020000000000000002c00000001010000000000050a00000001010000000000050a00000004001c0001000000000214000100020001010000000000050a000000',1,2,,"CN=SZUserDB-01,CN=Databases,CN=Exchange Administrative Group (FYDIBOHF23SPDLT),CN=Administrative Groups,CN=GFMAIL,CN=Microsoft Exchange,CN=Services,CN=Configuration,DC=szgdjt,DC=local","CN=Default Role Assignment Policy,CN=Policies,CN=RBAC,CN=GFMAIL,CN=Microsoft Exchange,CN=Services,CN=Configuration,DC=szgdjt,DC=local",20120314015738.0Z,SMTP:suzhouleyuan@sz-mtr.com;smtp:suzhouleyuan@szgdjt.com;sip:suzhouleyuan@szgdjt.com,"CN=Microsoft MTA,CN=SZGDJT-MBX-01,CN=Servers,CN=Exchange Administrative Group (FYDIBOHF23SPDLT),CN=Administrative Groups,CN=GFMAIL,CN=Microsoft Exchange,CN=Services,CN=Configuration,DC=szgdjt,DC=local",TRUE,/o=GFMAIL/ou=Exchange Administrative Group (FYDIBOHF23SPDLT)/cn=Configuration/cn=Servers/cn=SZGDJT-MBX-01,emailAddress:789468539826;lastNameFirstName:;firstNameLastName:,X'849dab9a0adb9145bb4573f7c658ebb5',567257da-b2c7-4939-bd45-a1fde3696b44;{26491cfc-9e50-4857-861b-0cb8df22b5d7},X'52656d6f7465506f7765725368656c6cc2a731',302120705;16842751,zh-CN,4.4221E+13,1073741824,suzhouleyuan,,0,6,0,,,0,-1,,,,,,,,,,,TRUE,sip:suzhouleyuan@sz-mtr.com,,,TRUE,,,TRUE,,257,,SRV:,0=1713702880,,"CN=Lc Services,CN=Microsoft,CN=1:1,CN=Pools,CN=RTC Service,CN=Services,CN=Configuration,DC=szgdjt,DC=local",,,,,,,FALSE,FALSE,7776000,1,,,,,,,,,,,,,,,,,X'e88b8fe5b79ee4b990e59bade7ab99',suzhouleyuan,,X'e4b880e58fb7e7babfe8bda6e7ab99e982aee7aeb1',,,,,,,,,,,,,,,,,,1209600,share,20971520,0,52428800,47185920,64,31457280,,,,,,,,,,,,,,,,,,,,,,,,,,,,,,,,,,,,,,,,,,,,,,,,,,,,,,,,,,,,,,,,,,,,,,,,,,,,,,,,,,,,,,,,,,,,
"CN=一号线塔园路站,OU=共享邮箱,DC=szgdjt,DC=local",user,X'434e3de4b880e58fb7e7babfe5a194e59bade8b7afe7ab992c4f553de585b1e4baabe982aee7aeb12c44433d737a67646a742c44433d6c6f63616c',4,20120314015818.0Z,20130827074254.0Z,,690557,,,,20819255,X'e4b880e58fb7e7babfe5a194e59bade8b7afe7ab99',X'a26c3ee300ec394f9d9cb0efc8b1a135',,,,,,,,,,,,,,X'0105000000000005150000008d3c500b7c48741eb6232bd248070000',,,,,,,,,,"CN=Person,CN=Schema,CN=Configuration,DC=szgdjt,DC=local",,,16010101000000.0Z,,,,,,,,,,,,X'e4b880e58fb7e7babfe5a194e59bade8b7afe7ab99',X'e4b880e58fb7e7babfe8bda6e7ab99e982aee7aeb1',,,,X'e4b880e58fb7e7babfe5a194e59bade8b7afe7ab99',,,,,,,,,,,,,,,,,,,,66048,0,0,0,1.3022E+17,0,1.30221E+17,,1.29762E+17,513,,9.22337E+18,29,tayuanlu,805306368,tayuanlu@sz-mtr.com,,,1.30221E+17,,,,,,,,,,,,0,,,,,,,,,,,,,,,,,,,,,,,,,,,sip:tayuanlu@sz-mtr.com;SMTP:tayuanlu@sz-mtr.com,X'434e3d4d61696c626f78657328564c56292c434e3d416c6c2053797374656d2041646472657373204c697374732c434e3d41646472657373204c6973747320436f6e7461696e65722c434e3d47464d41494c2c434e3d4d6963726f736f66742045786368616e67652c434e3d53657276696365732c434e3d436f6e66696775726174696f6e2c44433d737a67646a742c44433d6c6f63616c';X'434e3d416c6c204d61696c626f78657328564c56292c434e3d416c6c2053797374656d2041646472657373204c697374732c434e3d41646472657373204c6973747320436f6e7461696e65722c434e3d47464d41494c2c434e3d4d6963726f736f66742045786368616e67652c434e3d53657276696365732c434e3d436f6e66696775726174696f6e2c44433d737a67646a742c44433d6c6f63616c';X'434e3d416c6c20526563697069656e747328564c56292c434e3d416c6c2053797374656d2041646472657373204c697374732c434e3d41646472657373204c6973747320436f6e7461696e65722c434e3d47464d41494c2c434e3d4d6963726f736f66742045786368616e67652c434e3d53657276696365732c434e3d436f6e66696775726174696f6e2c44433d737a67646a742c44433d6c6f63616c';X'434e3de9bb98e8aea4e585a8e5b180e59cb0e59d80e58897e8a1a82c434e3d416c6c20476c6f62616c2041646472657373204c697374732c434e3d41646472657373204c6973747320436f6e7461696e65722c434e3d47464d41494c2c434e3d4d6963726f736f66742045786368616e67652c434e3d53657276696365732c434e3d436f6e66696775726174696f6e2c44433d737a67646a742c44433d6c6f63616c';X'434e3de68980e69c89e794a8e688b72c434e3d416c6c2041646472657373204c697374732c434e3d41646472657373204c6973747320436f6e7461696e65722c434e3d47464d41494c2c434e3d4d6963726f736f66742045786368616e67652c434e3d53657276696365732c434e3d436f6e66696775726174696f6e2c44433d737a67646a742c44433d6c6f63616c',,/o=GFMAIL/ou=Exchange Administrative Group (FYDIBOHF23SPDLT)/cn=Recipients/cn=user70f33b55,tayuanlu@sz-mtr.com,,,,X'010004801400000020000000000000002c00000001010000000000050a00000001010000000000050a00000004001c0001000000000214000100020001010000000000050a000000',1,2,,"CN=SZUserDB-02,CN=Databases,CN=Exchange Administrative Group (FYDIBOHF23SPDLT),CN=Administrative Groups,CN=GFMAIL,CN=Microsoft Exchange,CN=Services,CN=Configuration,DC=szgdjt,DC=local","CN=Default Role Assignment Policy,CN=Policies,CN=RBAC,CN=GFMAIL,CN=Microsoft Exchange,CN=Services,CN=Configuration,DC=szgdjt,DC=local",20120314015818.0Z,SMTP:tayuanlu@sz-mtr.com;smtp:tayuanlu@szgdjt.com;sip:tayuanlu@szgdjt.com,"CN=Microsoft MTA,CN=SZGDJT-MBX-01,CN=Servers,CN=Exchange Administrative Group (FYDIBOHF23SPDLT),CN=Administrative Groups,CN=GFMAIL,CN=Microsoft Exchange,CN=Services,CN=Configuration,DC=szgdjt,DC=local",TRUE,/o=GFMAIL/ou=Exchange Administrative Group (FYDIBOHF23SPDLT)/cn=Configuration/cn=Servers/cn=SZGDJT-MBX-01,emailAddress:82982658;lastNameFirstName:;firstNameLastName:,X'760a8550669e8144a1cce4d15d8e211b',567257da-b2c7-4939-bd45-a1fde3696b44;{26491cfc-9e50-4857-861b-0cb8df22b5d7},X'52656d6f7465506f7765725368656c6cc2a731',302120705;16842751,zh-CN,4.4221E+13,1073741824,tayuanlu,,0,6,0,,,0,-1,,,,,,,,,,,TRUE,sip:tayuanlu@sz-mtr.com,,,TRUE,,,TRUE,,257,,SRV:,0=1713702880,,"CN=Lc Services,CN=Microsoft,CN=1:1,CN=Pools,CN=RTC Service,CN=Services,CN=Configuration,DC=szgdjt,DC=local",,,,,,,FALSE,FALSE,7776000,1,,,,,,,,,,,,,,,,,X'e5a194e59bade8b7afe7ab99',tayuanlu,,X'e4b880e58fb7e7babfe8bda6e7ab99e982aee7aeb1',,,,,,,,,,,,,,,,,,1209600,share,20971520,0,52428800,47185920,64,31457280,,,,,,,,,,,,,,,,,,,,,,,,,,,,,,,,,,,,,,,,,,,,,,,,,,,,,,,,,,,,,,,,,,,,,,,,,,,,,,,,,,,,,,,,,,,,
"CN=一号线滨河路站,OU=共享邮箱,DC=szgdjt,DC=local",user,X'434e3de4b880e58fb7e7babfe6bba8e6b2b3e8b7afe7ab992c4f553de585b1e4baabe982aee7aeb12c44433d737a67646a742c44433d6c6f63616c',4,20120314015910.0Z,20130821141238.0Z,,690583,,,,20534156,X'e4b880e58fb7e7babfe6bba8e6b2b3e8b7afe7ab99',X'847b7eab9860e94b9b5b332b1ef8cdc9',,,,,,,,,,,,,,X'0105000000000005150000008d3c500b7c48741eb6232bd249070000',,,,,,,,,,"CN=Person,CN=Schema,CN=Configuration,DC=szgdjt,DC=local",,,16010101000000.0Z,,,,,,,,,,,,X'e4b880e58fb7e7babfe6bba8e6b2b3e8b7afe7ab99',X'e4b880e58fb7e7babfe8bda6e7ab99e982aee7aeb1',,,,X'e4b880e58fb7e7babfe6bba8e6b2b3e8b7afe7ab99',,,,,,,,,,,,,,,,,,,,66048,0,0,0,1.30214E+17,0,1.30221E+17,,1.29762E+17,513,,9.22337E+18,166,binhelu,805306368,binhelu@sz-mtr.com,,,1.30216E+17,,,,,,,,,,,,0,,,,,,,,,,,,,,,,,,,,,,,,,,,sip:binhelu@sz-mtr.com;SMTP:binhelu@sz-mtr.com,X'434e3d4d61696c626f78657328564c56292c434e3d416c6c2053797374656d2041646472657373204c697374732c434e3d41646472657373204c6973747320436f6e7461696e65722c434e3d47464d41494c2c434e3d4d6963726f736f66742045786368616e67652c434e3d53657276696365732c434e3d436f6e66696775726174696f6e2c44433d737a67646a742c44433d6c6f63616c';X'434e3d416c6c204d61696c626f78657328564c56292c434e3d416c6c2053797374656d2041646472657373204c697374732c434e3d41646472657373204c6973747320436f6e7461696e65722c434e3d47464d41494c2c434e3d4d6963726f736f66742045786368616e67652c434e3d53657276696365732c434e3d436f6e66696775726174696f6e2c44433d737a67646a742c44433d6c6f63616c';X'434e3d416c6c20526563697069656e747328564c56292c434e3d416c6c2053797374656d2041646472657373204c697374732c434e3d41646472657373204c6973747320436f6e7461696e65722c434e3d47464d41494c2c434e3d4d6963726f736f66742045786368616e67652c434e3d53657276696365732c434e3d436f6e66696775726174696f6e2c44433d737a67646a742c44433d6c6f63616c';X'434e3de9bb98e8aea4e585a8e5b180e59cb0e59d80e58897e8a1a82c434e3d416c6c20476c6f62616c2041646472657373204c697374732c434e3d41646472657373204c6973747320436f6e7461696e65722c434e3d47464d41494c2c434e3d4d6963726f736f66742045786368616e67652c434e3d53657276696365732c434e3d436f6e66696775726174696f6e2c44433d737a67646a742c44433d6c6f63616c';X'434e3de68980e69c89e794a8e688b72c434e3d416c6c2041646472657373204c697374732c434e3d41646472657373204c6973747320436f6e7461696e65722c434e3d47464d41494c2c434e3d4d6963726f736f66742045786368616e67652c434e3d53657276696365732c434e3d436f6e66696775726174696f6e2c44433d737a67646a742c44433d6c6f63616c',,/o=GFMAIL/ou=Exchange Administrative Group (FYDIBOHF23SPDLT)/cn=Recipients/cn=userc38e2977,binhelu@sz-mtr.com,,,,X'010004801400000020000000000000002c00000001010000000000050a00000001010000000000050a00000004001c0001000000000214000100020001010000000000050a000000',1,2,,"CN=SZUserDB-02,CN=Databases,CN=Exchange Administrative Group (FYDIBOHF23SPDLT),CN=Administrative Groups,CN=GFMAIL,CN=Microsoft Exchange,CN=Services,CN=Configuration,DC=szgdjt,DC=local","CN=Default Role Assignment Policy,CN=Policies,CN=RBAC,CN=GFMAIL,CN=Microsoft Exchange,CN=Services,CN=Configuration,DC=szgdjt,DC=local",20120314015910.0Z,SMTP:binhelu@sz-mtr.com;smtp:binhelu@szgdjt.com;sip:binhelu@szgdjt.com,"CN=Microsoft MTA,CN=SZGDJT-MBX-01,CN=Servers,CN=Exchange Administrative Group (FYDIBOHF23SPDLT),CN=Administrative Groups,CN=GFMAIL,CN=Microsoft Exchange,CN=Services,CN=Configuration,DC=szgdjt,DC=local",TRUE,/o=GFMAIL/ou=Exchange Administrative Group (FYDIBOHF23SPDLT)/cn=Configuration/cn=Servers/cn=SZGDJT-MBX-01,emailAddress:2464358;lastNameFirstName:;firstNameLastName:,X'576a94dbecfb28488728ee5f79e317e3',567257da-b2c7-4939-bd45-a1fde3696b44;{26491cfc-9e50-4857-861b-0cb8df22b5d7},X'52656d6f7465506f7765725368656c6cc2a731',302120705;16842751,zh-CN,4.4221E+13,1073741824,binhelu,,0,6,0,,,0,-1,,,,,,,,,,,TRUE,sip:binhelu@sz-mtr.com,,,TRUE,,,TRUE,,257,,SRV:,0=1713702880,,"CN=Lc Services,CN=Microsoft,CN=1:1,CN=Pools,CN=RTC Service,CN=Services,CN=Configuration,DC=szgdjt,DC=local",,,,,,,FALSE,FALSE,7776000,1,,,,,,,,,,,,,,,,,X'e6bba8e6b2b3e8b7afe7ab99',binhelu,,X'e4b880e58fb7e7babfe8bda6e7ab99e982aee7aeb1',,,,,,,,,,,,,,,,,,1209600,share,20971520,0,52428800,47185920,64,31457280,,,,,,,,,,,,,,,,,,,,,,,,,,,,,,,,,,,,,,,,,,,,,,,,,,,,,,,,,,,,,,,,,,,,,,,,,,,,,,,,,,,,,,,,,,,,
"CN=一号线西环路站,OU=共享邮箱,DC=szgdjt,DC=local",user,X'434e3de4b880e58fb7e7babfe8a5bfe78eafe8b7afe7ab992c4f553de585b1e4baabe982aee7aeb12c44433d737a67646a742c44433d6c6f63616c',4,20120314020013.0Z,20130827065006.0Z,,690615,,,,20815848,X'e4b880e58fb7e7babfe8a5bfe78eafe8b7afe7ab99',X'57970465e1ea4446bba8844875c88fc3',,,,,,,,,,,,,,X'0105000000000005150000008d3c500b7c48741eb6232bd24a070000',,,,,,,,,,"CN=Person,CN=Schema,CN=Configuration,DC=szgdjt,DC=local",,,16010101000000.0Z,,,,,,,,,,,,X'e4b880e58fb7e7babfe8a5bfe78eafe8b7afe7ab99',X'e4b880e58fb7e7babfe8bda6e7ab99e982aee7aeb1',,,,X'e4b880e58fb7e7babfe8a5bfe78eafe8b7afe7ab99',,,,,,,,,,,,,,,,,,,,66048,0,0,0,1.30217E+17,0,1.30221E+17,,1.29762E+17,513,,9.22337E+18,85,xihuanlu,805306368,xihuanlu@sz-mtr.com,,,1.30221E+17,,,,,,,,,,,,0,,,,,,,,,,,,,,,,,,,,,,,,,,,sip:xihuanlu@sz-mtr.com;SMTP:xihuanlu@sz-mtr.com,X'434e3d4d61696c626f78657328564c56292c434e3d416c6c2053797374656d2041646472657373204c697374732c434e3d41646472657373204c6973747320436f6e7461696e65722c434e3d47464d41494c2c434e3d4d6963726f736f66742045786368616e67652c434e3d53657276696365732c434e3d436f6e66696775726174696f6e2c44433d737a67646a742c44433d6c6f63616c';X'434e3d416c6c204d61696c626f78657328564c56292c434e3d416c6c2053797374656d2041646472657373204c697374732c434e3d41646472657373204c6973747320436f6e7461696e65722c434e3d47464d41494c2c434e3d4d6963726f736f66742045786368616e67652c434e3d53657276696365732c434e3d436f6e66696775726174696f6e2c44433d737a67646a742c44433d6c6f63616c';X'434e3d416c6c20526563697069656e747328564c56292c434e3d416c6c2053797374656d2041646472657373204c697374732c434e3d41646472657373204c6973747320436f6e7461696e65722c434e3d47464d41494c2c434e3d4d6963726f736f66742045786368616e67652c434e3d53657276696365732c434e3d436f6e66696775726174696f6e2c44433d737a67646a742c44433d6c6f63616c';X'434e3de9bb98e8aea4e585a8e5b180e59cb0e59d80e58897e8a1a82c434e3d416c6c20476c6f62616c2041646472657373204c697374732c434e3d41646472657373204c6973747320436f6e7461696e65722c434e3d47464d41494c2c434e3d4d6963726f736f66742045786368616e67652c434e3d53657276696365732c434e3d436f6e66696775726174696f6e2c44433d737a67646a742c44433d6c6f63616c';X'434e3de68980e69c89e794a8e688b72c434e3d416c6c2041646472657373204c697374732c434e3d41646472657373204c6973747320436f6e7461696e65722c434e3d47464d41494c2c434e3d4d6963726f736f66742045786368616e67652c434e3d53657276696365732c434e3d436f6e66696775726174696f6e2c44433d737a67646a742c44433d6c6f63616c',,/o=GFMAIL/ou=Exchange Administrative Group (FYDIBOHF23SPDLT)/cn=Recipients/cn=user7d55ad1b,xihuanlu@sz-mtr.com,,,,X'010004801400000020000000000000002c00000001010000000000050a00000001010000000000050a00000004001c0001000000000214000100020001010000000000050a000000',1,2,,"CN=SZUserDB-02,CN=Databases,CN=Exchange Administrative Group (FYDIBOHF23SPDLT),CN=Administrative Groups,CN=GFMAIL,CN=Microsoft Exchange,CN=Services,CN=Configuration,DC=szgdjt,DC=local","CN=Default Role Assignment Policy,CN=Policies,CN=RBAC,CN=GFMAIL,CN=Microsoft Exchange,CN=Services,CN=Configuration,DC=szgdjt,DC=local",20120314020013.0Z,SMTP:xihuanlu@sz-mtr.com;smtp:xihuanlu@szgdjt.com;sip:xihuanlu@szgdjt.com,"CN=Microsoft MTA,CN=SZGDJT-MBX-01,CN=Servers,CN=Exchange Administrative Group (FYDIBOHF23SPDLT),CN=Administrative Groups,CN=GFMAIL,CN=Microsoft Exchange,CN=Services,CN=Configuration,DC=szgdjt,DC=local",TRUE,/o=GFMAIL/ou=Exchange Administrative Group (FYDIBOHF23SPDLT)/cn=Configuration/cn=Servers/cn=SZGDJT-MBX-01,emailAddress:94482658;lastNameFirstName:;firstNameLastName:,X'aada4aa99fdf1d4fb5fd27fa98d18330',567257da-b2c7-4939-bd45-a1fde3696b44;{26491cfc-9e50-4857-861b-0cb8df22b5d7},X'52656d6f7465506f7765725368656c6cc2a731',302120705;16842751,zh-CN,4.4221E+13,1073741824,xihuanlu,,0,6,0,,,0,-1,,,,,,,,,,,TRUE,sip:xihuanlu@sz-mtr.com,,,TRUE,,,TRUE,,257,,SRV:,0=1713702880,,"CN=Lc Services,CN=Microsoft,CN=1:1,CN=Pools,CN=RTC Service,CN=Services,CN=Configuration,DC=szgdjt,DC=local",,,,,,,FALSE,FALSE,7776000,1,,,,,,,,,,,,,,,,,X'e8a5bfe78eafe8b7afe7ab99',xihuanlu,,X'e4b880e58fb7e7babfe8bda6e7ab99e982aee7aeb1',,,,,,,,,,,,,,,,,,1209600,share,20971520,0,52428800,47185920,64,31457280,,,,,,,,,,,,,,,,,,,,,,,,,,,,,,,,,,,,,,,,,,,,,,,,,,,,,,,,,,,,,,,,,,,,,,,,,,,,,,,,,,,,,,,,,,,,
